{
	"info": {
		"_postman_id": "ebdd6078-044b-40e5-a845-a4bc600a4d3e",
		"name": "coffeshop",
		"schema": "https://schema.getpostman.com/json/collection/v2.1.0/collection.json",
		"_exporter_id": "26123012"
	},
	"item": [
		{
			"name": "login",
			"request": {
				"auth": {
					"type": "bearer",
					"bearer": [
						{
							"key": "token",
							"value": "1|R8DsAYpSXedakBj7l47NI9uCKcscn9PFaFsC2b0Tae640913",
							"type": "string"
						}
					]
				},
				"method": "POST",
				"header": [
					{
						"key": "Accept",
						"value": "application/json",
						"type": "text"
					}
				],
				"body": {
					"mode": "raw",
					"raw": "{\r\n    \"email\" : \"ilham@fic14.com\",\r\n    \"password\" : \"12345678\"\r\n}",
					"options": {
						"raw": {
							"language": "json"
						}
					}
				},
				"url": {
					"raw": "http://localhost:8000/api/login",
					"protocol": "http",
					"host": [
						"localhost"
					],
					"port": "8000",
					"path": [
						"api",
						"login"
					]
				}
			},
			"response": []
		},
		{
			"name": "user",
			"request": {
				"auth": {
					"type": "bearer",
					"bearer": [
						{
							"key": "token",
							"value": "1|drgLtoZpbXjKJIMCe2Kx0mqetuwFjJZ0vYBJAwJV19183217",
							"type": "string"
						}
					]
				},
				"method": "GET",
				"header": [
					{
						"key": "Accept",
						"value": "application/json",
						"type": "text"
					}
				],
				"url": {
					"raw": "http://localhost:8000/api/user",
					"protocol": "http",
					"host": [
						"localhost"
					],
					"port": "8000",
					"path": [
						"api",
						"user"
					]
				}
			},
			"response": []
		},
		{
			"name": "logout",
			"request": {
				"auth": {
					"type": "bearer",
					"bearer": [
						{
							"key": "token",
							"value": "1|R8DsAYpSXedakBj7l47NI9uCKcscn9PFaFsC2b0Tae640913",
							"type": "string"
						}
					]
				},
				"method": "POST",
				"header": [
					{
						"key": "Accept",
						"value": "application/json",
						"type": "text"
					}
				],
				"body": {
					"mode": "raw",
					"raw": "{\r\n    \"email\" : \"ilham@fic14.com\",\r\n    \"password\" : \"12345678\"\r\n}",
					"options": {
						"raw": {
							"language": "json"
						}
					}
				},
				"url": {
					"raw": "http://localhost:8000/api/logout",
					"protocol": "http",
					"host": [
						"localhost"
					],
					"port": "8000",
					"path": [
						"api",
						"logout"
					]
				}
			},
			"response": []
		},
		{
			"name": "products",
			"request": {
				"auth": {
					"type": "bearer",
					"bearer": [
						{
							"key": "token",
							"value": "2|0klcVlTHEdvJ7wWCRaeRJNOMuadOJbA9nc8gklb5158135c7",
							"type": "string"
						}
					]
				},
				"method": "GET",
				"header": [],
				"url": {
					"raw": "http://localhost:8000/api/getProduct",
					"protocol": "http",
					"host": [
						"localhost"
					],
					"port": "8000",
					"path": [
						"api",
						"getProduct"
					]
				}
			},
			"response": []
		},
		{
			"name": "discount",
			"protocolProfileBehavior": {
				"disableBodyPruning": true
			},
			"request": {
				"auth": {
					"type": "bearer",
					"bearer": [
						{
							"key": "token",
							"value": "2|0klcVlTHEdvJ7wWCRaeRJNOMuadOJbA9nc8gklb5158135c7",
							"type": "string"
						}
					]
				},
				"method": "GET",
				"header": [],
				"body": {
					"mode": "raw",
					"raw": "",
					"options": {
						"raw": {
							"language": "json"
						}
					}
				},
				"url": {
					"raw": "http://localhost:8000/api/getDiscounts",
					"protocol": "http",
					"host": [
						"localhost"
					],
					"port": "8000",
					"path": [
						"api",
						"getDiscounts"
					]
				}
			},
			"response": []
		},
		{
			"name": "discount",
			"request": {
				"auth": {
					"type": "bearer",
					"bearer": [
						{
							"key": "token",
							"value": "2|0klcVlTHEdvJ7wWCRaeRJNOMuadOJbA9nc8gklb5158135c7",
							"type": "string"
						}
					]
				},
				"method": "POST",
				"header": [],
				"body": {
					"mode": "raw",
					"raw": "{\r\n     \"name\": \"Discount 3\",\r\n            \"description\": \"Discount 3\",\r\n            \"type\": \"percentage\",\r\n            \"value\": \"20.00\",\r\n            \"status\": \"active\",\r\n            \"expired_date\": \"2024-03-13\"\r\n}",
					"options": {
						"raw": {
							"language": "json"
						}
					}
				},
				"url": {
					"raw": "http://localhost:8000/api/updateDiscount/3",
					"protocol": "http",
					"host": [
						"localhost"
					],
					"port": "8000",
					"path": [
						"api",
						"updateDiscount",
						"3"
					]
				}
			},
			"response": []
		},
		{
			"name": "discount",
			"request": {
				"auth": {
					"type": "bearer",
					"bearer": [
						{
							"key": "token",
							"value": "2|0klcVlTHEdvJ7wWCRaeRJNOMuadOJbA9nc8gklb5158135c7",
							"type": "string"
						}
					]
				},
				"method": "DELETE",
				"header": [],
				"url": {
					"raw": "http://localhost:8000/api/deleteDiscount/3",
					"protocol": "http",
					"host": [
						"localhost"
					],
					"port": "8000",
					"path": [
						"api",
						"deleteDiscount",
						"3"
					]
				}
			},
			"response": []
		}
	]
}